Summons Number,Plate ID,Registration State,Plate Type,Issue Date,Violation Code,Vehicle Body Type,Vehicle Make,Issuing Agency,Street Code1,Street Code2,Street Code3,Vehicle Expiration Date,Violation Location,Violation Precinct,Issuer Precinct,Issuer Code,Issuer Command,Issuer Squad,Violation Time,Time First Observed,Violation County,Violation In Front Of Or Opposite,House Number,Street Name,Intersecting Street,Date First Observed,Law Section,Sub Division,Violation Legal Code,Days Parking In Effect    ,From Hours In Effect,To Hours In Effect,Vehicle Color,Unregistered Vehicle?,Vehicle Year,Meter Number,Feet From Curb,Violation Post Code,Violation Description,No Standing or Stopping Violation,Hydrant Violation,Double Parking Violation
7560453867,AN921T,NJ,PAS,02/07/2015,84,DELV,PETER,T,10810,34110,34130,,0010,10,10,356521,T102,A,0847A,,NY,F,158,8th Ave,,01/05/0001 12:00:00 PM,408,k7,,,,,WHITE,,0,,0,A 17,84-Platform lifts in low posit,,,
8030010837,94866JA,NY,COM,04/29/2015,42,DELV,INTER,T,17570,10410,25390,,0014,14,14,359330,T102,J,0412P,,NY,F,10,E 29th St,,01/05/0001 12:00:00 PM,408,h1,,YYYYY,0800A,0700P,BROWN,,2001,445-6678,0,09 6,42-Exp. Muni-Mtr (Com. Mtr. Z),,,
8002993251,77936JY,NY,COM,10/06/2014,13,VAN,WORKH,T,45440,32910,28870,,0001,1,1,351929,T105,C,0908A,,NY,F,46,William St,,01/05/0001 12:00:00 PM,408,c2,,YYYYYYY,,,BROWN,,2008,,0,001,13-No Stand (taxi stand),,,
8014184210,T651285C,NY,OMT,03/24/2015,38,4DSD,TOYOT,T,73220,0,0,,0084,84,84,361328,T301,H,0307P,,K,I,S,Remsen St,15ft W/of Court St,01/05/0001 12:00:00 PM,408,h1,,Y,0900A,0700P,BK,,2014,,0,01 3,38-Failure to Display Muni Rec,,,
7463033090,GRD6305,NY,OMS,08/16/2014,40,4DSD,NISSA,T,24090,0,0,,113,113,113,356248,T402,L,0752A,,Q,I,W,161st St,65ft S/of 134th Ave,01/05/0001 12:00:00 PM,408,e2,,YYYYYYY,,,BK,,2014,,0,M 42,40-Fire Hydrant,,,
7025381809,FSW5604,NY,PAS,05/21/2015,71,SUBN,NISSA,T,74380,64520,53620,,0046,46,46,346132,T201,S,0636A,,BX,F,115,W 172nd St,,01/05/0001 12:00:00 PM,408,j6,,YYYYYYY,,,BK,,2007,,0,O 21,71A-Insp Sticker Expired (NYS),,,
7982768570,75127JX,NY,COM,04/15/2015,69,VAN,CHEVR,T,34930,10810,10910,,0020,20,20,358590,T103,R,0259P,,NY,F,350,W 58th St,,01/05/0001 12:00:00 PM,408,h1,,Y,0700A,0700P,WHITE,,2007,,0,41 7,69-Failure to Disp Muni Recpt,,,
7069430346,GMZ8407,NY,PAS,11/11/2014,37,VAN,MERCU,T,13610,35090,35110,,0020,20,20,358927,T103,N,1227P,1213P,NY,F,1965,Broadway,,01/05/0001 12:00:00 PM,408,h1,,Y,0830A,1000P,WH,,2002,108-7110,0,28 7,37-Expired Muni Meter,,,
8045350957,GRP7934,NY,PAS,05/07/2015,21,SUBN,HONDA,T,51090,16590,45590,,102,102,102,358656,T402,M,0808A,,Q,F,8027,Jamaica Ave,,01/05/0001 12:00:00 PM,408,d1,,Y,0800A,0830A,BK,,2012,,0,H 42,21-No Parking (street clean),,,
7445114452,GLB5111,NY,PAS,01/21/2015,21,4DSD,HONDA,T,22240,50190,16810,,107,107,107,352969,T402,G,1047A,,Q,O,82-46,135th St,,01/05/0001 12:00:00 PM,408,d1,,Y,1030A,1200A,RD,,2013,,0,01 4,21-No Parking (street clean),,,
7445114452,GLB5111,NY,PAS,01/21/2015,21,4DSD,HONDA,T,22240,50190,16810,,107,107,107,352969,T402,G,1047A,,Q,O,82-46,135th St,,01/05/0001 12:00:00 PM,408,d1,,Y,1030A,1200A,RD,,2013,,0,01 4,21-No Parking (street clean),,,
7983966945,FBA7436,NY,PAS,07/15/2014,38,SUBN,CHEVR,T,10210,18730,18750,,0019,19,19,358246,T103,N,0109P,,NY,F,1562,3rd Ave,,01/05/0001 12:00:00 PM,408,h1,,Y,0800A,0700P,BL,,2010,,0,09 7,38-Failure to Display Muni Rec,,,
8003077400,XA365T,NJ,PAS,10/17/2014,39,VAN,FORD,T,34990,14510,13610,,0020,20,20,356261,T103,E,1058A,0916A,NY,F,1,W 61st St,,01/05/0001 12:00:00 PM,408,d,,Y,0900A,0700P,RED,,0,,0,36 7,39-Overtime PKG-Time Limt Post,,,
7005001540,1373675,IL,PAS,10/22/2014,21,PICK,FORD,T,10840,9840,61090,,108,108,108,351251,T401,L,0815A,,Q,F,43-12,50th St,,01/05/0001 12:00:00 PM,408,d1,,Y,0800A,0830A,GREY,,0,,0,M 41,21-No Parking (street clean),,,
7099977398,23459MD,NY,COM,07/12/2014,71,DELV,GMC,T,66390,35780,8440,,114,114,114,357369,T401,X,1148A,,Q,O,33-43,Vernon Blvd,,01/05/0001 12:00:00 PM,408,j6,,YYYYYYY,,,WH,,2004,,0,29 4,71A-Insp Sticker Expired (NYS),,,
7331565631,GPR1134,NY,PAS,07/01/2014,20,4DSD,TOYOT,T,28380,77150,10620,,0047,47,47,355598,T202,O,0717A,,BX,F,732,E 225th St,,01/05/0001 12:00:00 PM,408,d,,YYYYYYY,0700A,0700P,BL,,1996,,0,B 22,20A-No Parking (Non-COM),,,
7933803039,41666JM,NY,COM,08/22/2014,14,VAN,CHEVR,T,17150,0,0,,0006,6,6,361292,T101,F,0553P,,NY,I,N,E 8th St,50ft E/of Broadway,01/05/0001 12:00:00 PM,408,c,,YYYYY,0800A,0600P,WHITE,,1993,,0,59 1,14-No Standing,,,
7006270121,GBC7778,NY,PAS,11/17/2014,37,PICK,CHEVR,T,42490,8940,9090,,114,114,114,361028,T401,H,0452P,0407P,Q,F,37-24,Ditmars Blvd,,01/05/0001 12:00:00 PM,408,h1,,Y,0800A,0700P,GREY,,2011,418-1689,0,35 4,37-Expired Muni Meter,,,
7809040558,18834MC,NY,COM,02/23/2015,38,VAN,FORD,T,24290,32685,23190,,0001,1,1,355551,T105,J,0921A,,NY,F,68,King St,,01/05/0001 12:00:00 PM,408,h1,,Y,0900A,0700P,WH,,2001,,0,130,38-Failure to Display Muni Rec,,,
8006792550,14580MG,NY,COM,04/24/2015,46,VAN,CHEVR,T,15520,52220,12550,,0049,49,49,361099,T202,B,0904A,0859A,BX,O,1836,Bronxdale Ave,,01/05/0001 12:00:00 PM,408,F1,,,,,WH,,1993,,0,08A,46B-Double Parking (Com-100Ft),,,
7114367594,DBG2182,NY,PAS,06/18/2015,70,4DSD,BMW,T,35170,14510,15710,,0020,20,20,357722,T103,E,0928A,,NY,F,64,W 70th St,,01/05/0001 12:00:00 PM,408,j3,,YYYYYYY,,,GY,,2006,,0,36 7,70A-Reg. Sticker Expired (NYS),,,
7756727848,DZZ9530,NY,PAS,06/26/2015,37,SUBN,JEEP,T,51090,26540,65830,,105,105,105,361378,T402,C,1258P,1237P,Q,F,214-47,Jamaica Ave,,01/05/0001 12:00:00 PM,408,h1,,Y,0800A,0700P,BK,,2008,430-3026,0,15 4,37-Expired Muni Meter,,,
7451183087,ETX8485,NY,PAS,11/26/2014,71,4DSD,ACURA,T,29750,40404,40404,,111,111,111,358123,T803,B,0927P,,Q,I,,Bayside Lot,,01/05/0001 12:00:00 PM,408,j6,,YYYYYYY,,,BK,,2008,,0,L 42,71A-Insp Sticker Expired (NYS),,,
7103414233,12103PC,NY,COM,08/29/2014,84,TRAC,INTER,T,64290,7790,7990,,114,114,114,358178,T401,A,1041A,,Q,F,30-10,Steinway St,,01/05/0001 12:00:00 PM,408,k7,,,,,YELLO,,2011,,0,24 4,84-Platform lifts in low posit,,,
8021712867,6PXT716,CA,PAS,03/12/2015,21,SUBN,SUBAR,T,19530,0,0,,0090,90,90,355121,T301,B,0838A,,K,I,S,Berry St,5ft W/of Broadway,01/05/0001 12:00:00 PM,408,d1,,Y  Y,0830A,1000A,OTHER,,0,,0,14 3,21-No Parking (street clean),,,
1377567369,GMZ2590,NY,PAS,11/07/2014,20,SDN,DODGE,P,36090,10610,10810,,0028,28,28,925412,0028,0000,0836P,,NY,F,229,W 116TH STREET,,01/05/0001 12:00:00 PM,408,J6,,BBBBBBB,ALL,ALL,BLACK,0,2007,-,0,,,,,
7335948952,95038MC,NY,COM,02/11/2015,37,PICK,CHEVR,T,10110,18570,18590,,0019,19,19,361127,T103,S,0108P,0102P,NY,F,1534,2nd Ave,,,408,h1,,Y,0830A,0700P,WHITE,,2006,126-4951,0,01 7,37-Expired Muni Meter,,,
8012984490,ELC5763,NY,PAS,03/17/2015,38,4DSD,VOLKS,T,9520,21720,27240,,0040,40,40,361787,T201,P,0101P,,BX,F,2311,Arthur Ave,,01/05/0001 12:00:00 PM,408,h1,,Y,0800A,0700P,GY,,2014,,0,34 2,38-Failure to Display Muni Rec,,,
8013393630,T621666C,NY,OMT,02/08/2015,40,4DSD,TOYOT,T,34720,50220,71120,,0049,49,49,355598,T202,O,0507A,,BX,F,1669,Garfield St,,01/05/0001 12:00:00 PM,408,e2,,YYYYYYY,,,WH,,2012,,0,B 22,40-Fire Hydrant,,,
8024722847,6NXX753,CA,PAS,06/30/2015,40,4DSD,VOLKS,T,7400,28020,6940,,114,114,114,361087,T401,E,0933A,,Q,F,22-60,26th St,,01/05/0001 12:00:00 PM,408,e2,,YYYYYYY,,,SILVE,,0,,4,35-A,40-Fire Hydrant,,,
7795870855,W126AD,FL,PAS,03/26/2015,21,4DSD,SUZUK,T,46970,0,0,,0061,61,61,331331,T302,Q,1221P,,K,I,N,Hampton Ave,40ft E/of West End A,01/05/0001 12:00:00 PM,408,d1,,Y  Y,1100A,0200P,GREY,,0,,0,N 32,21-No Parking (street clean),,,
8002745358,GLP9360,NY,PAS,03/06/2015,71,4DSD,MITSU,T,44930,23230,31950,,0090,90,90,358633,T301,D,0101P,,K,O,12,Graham Ave,,01/05/0001 12:00:00 PM,408,j6,,YYYYYYY,,,RD,,2009,,0,15 3,71A-Insp Sticker Expired (NYS),,,
7636264596,XAWW54,NJ,PAS,07/03/2014,78,VAN,CHEVR,T,81430,86030,75430,,0077,77,77,354144,T802,B,1106P,,K,F,1298,Sterling Pl,,01/05/0001 12:00:00 PM,408,k6,,YYYYYYY,0900P,0500A,WHITE,,0,,0,CC2,78-Nighttime PKG on Res Street,,,
7094394482,GD38LE,NJ,PAS,10/15/2014,20,4DSD,INFIN,T,53830,77230,27530,,0084,84,84,349496,T301,A,0927A,,K,F,150,Joralemon St,,01/05/0001 12:00:00 PM,408,d,,YYYYYYY,,,OTHER,,0,,0,01 3,20A-No Parking (Non-COM),,,
7178746142,31775JV,NY,COM,01/08/2015,38,PICK,FORD,T,13810,27590,11610,,0007,7,7,361274,T101,E,0526P,,NY,F,264,Broome St,,01/05/0001 12:00:00 PM,408,h1,,Y,0900A,0700P,WHITE,,2006,,0,66 1,38-Failure to Display Muni Rec,,,
7178746142,31775JV,NY,COM,01/08/2015,38,PICK,FORD,T,13810,27590,11610,,0007,7,7,361274,T101,E,0526P,,NY,F,264,Broome St,,01/05/0001 12:00:00 PM,408,h1,,Y,0900A,0700P,WHITE,,2006,,0,66 1,38-Failure to Display Muni Rec,,,
7045432290,49036MG,NY,COM,06/04/2015,17,DELV,ISUZU,T,12950,13113,30650,,0001,1,1,356526,T101,H,0912A,,NY,O,44,Beaver St,,01/05/0001 12:00:00 PM,408,c4,,YYYYY,0700A,0700P,WH,,2015,,0,04 1,17-No Stand (exc auth veh),,,
1374390008,DWG6250,NY,PAS,09/17/2014,46,SUBN,TOYOT,P,36190,26590,11710,,0026,26,26,942819,0026,0000,0928A,,NY,O,431,W 121 STREET,,01/05/0001 12:00:00 PM,408,F1,,BBBBBBB,ALL,ALL,GREY,0,2012,-,0,,,,,
7250378594,FCZ2277,NY,PAS,11/26/2014,21,4DSD,NISSA,T,35380,14030,14080,,0070,70,70,356958,T302,F,0936A,,K,O,975,E 13th St,,01/05/0001 12:00:00 PM,408,d1,,Y,0830A,1000A,BLACK,,2007,,0,02 3,21-No Parking (street clean),,,
7032967942,FWP0135,PA,PAS,02/03/2015,68,4DSD,VOLKS,T,12220,70720,14620,,0052,52,52,361051,T201,X,0623P,,BX,F,250,Bedford Park Blvd,,01/05/0001 12:00:00 PM,408,a1,,,,,BLACK,,0,,0,Y 21,68-Not Pkg. Comp. w Psted Sign,,,
7228729183,S927471,IL,PAS,10/04/2014,38,4DSD,BMW,T,35630,0,0,,0061,61,61,361329,T302,R,0954A,,K,I,N,E 18th St,10ft E/of Avenue U,01/05/0001 12:00:00 PM,408,h1,,Y,0900A,0700P,WHITE,,0,,0,34 3,38-Failure to Display Muni Rec,,,
7929484105,28678JP,NY,COM,05/18/2015,14,VAN,CHEVR,T,16310,25090,20390,,0007,7,7,361856,T101,E,0454P,,NY,F,101,Delancey St,,01/05/0001 12:00:00 PM,408,c,,YYYYY,0400P,0700P,WHITE,,2004,,0,61 1,14-No Standing,,,
8015882965,86045JV,NY,COM,05/05/2015,40,DELV,FRUEH,T,7740,9340,9440,,114,114,114,357761,T401,F,0239P,,Q,F,40-18,29th St,,01/05/0001 12:00:00 PM,408,e2,,YYYYYYY,,,BROWN,,2006,,0,28 4,40-Fire Hydrant,,,
1367457038,GJA7524,NY,PAS,07/03/2014,20,SDN,TOYOT,P,26730,34220,33620,,0042,42,42,951166,0042,0000,1104P,,BX,F,595,E 169 ST,,01/05/0001 12:00:00 PM,408,F2,,BBBBBBB,ALL,ALL,WHT,0,2013,-,0,,,,,
7066993561,GGN7707,NY,PAS,03/09/2015,37,SUBN,BMW,T,24140,18040,51090,,103,103,103,361840,T402,G,1240P,1233P,Q,F,89-09,162nd St,,01/05/0001 12:00:00 PM,408,h1,,Y,0900A,0700P,BK,,2013,408-1953,0,11 4,37-Expired Muni Meter,,,
7395936176,44122MG,NY,COM,05/14/2015,19,FLAT,HINO,T,39595,61390,54790,,109,109,109,356513,T401,D,0907A,,Q,F,42-02,College Point Blvd,,01/05/0001 12:00:00 PM,408,c3,,YYYYYYY,,,WHITE,,2006,,0,01 4,19-No Stand (bus stop),,,
8005164737,FSV2130,NY,PAS,12/19/2014,74,SUBN,JEEP,T,34250,10810,13113,,0010,10,10,361802,T102,C,0348P,,NY,O,339,W 24th St,,01/05/0001 12:00:00 PM,408,j2,,,,,GREEN,,1999,,0,99 6,74A-Improperly Displayed Plate,,,
1375720144,GMZ7120,NY,PAS,10/21/2014,46,SDN,DODGE,P,40720,27060,27090,,0048,48,40,916209,0040,0000,0115P,,BX,F,2115,HONEYWELL AVE,,01/05/0001 12:00:00 PM,408,F1,,BBBBBBB,ALL,ALL,RED,0,2007,-,0,,,,,
8009517951,DRR2788,NY,PAS,09/03/2014,21,SUBN,LEXUS,T,35580,45730,14730,,0061,61,61,347615,T302,Q,1216P,,K,F,2277,E 17th St,,01/05/0001 12:00:00 PM,408,d1,,Y,1130A,0100P,GY,,2013,,0,N 32,21-No Parking (street clean),,,
7178750390,GXC7580,NY,PAS,02/05/2015,19,CONV,PONTI,T,20390,0,0,,0007,7,7,361274,T101,N,0631P,,NY,I,N,Essex St,2ft E/of Delancey St,01/05/0001 12:00:00 PM,408,c3,,YYYYYYY,,,BK,,2006,,0,01 1,19-No Stand (bus stop),,,
7220666718,VRZ83D,NJ,PAS,09/04/2014,40,4DSD,AUDI,T,15710,35710,35770,,0024,24,24,351997,T103,A,0639A,,NY,F,808,Columbus Ave,,01/05/0001 12:00:00 PM,408,e2,,YYYYYYY,,,BLACK,,0,,5,H 77,40-Fire Hydrant,,,
8035556915,GSD4985,NY,OMS,05/19/2015,21,SUBN,GMC,T,69230,83330,23230,,0090,90,90,354019,T301,M,1112A,,K,F,860,Park Ave,,01/05/0001 12:00:00 PM,408,d1,,Y  Y,1100A,1230A,RD,,2015,,0,A 31,21-No Parking (street clean),,,
8040659814,B69CWR,NJ,PAS,05/27/2015,37,CONV,ME/BE,T,18490,27790,24890,,0019,19,19,354043,T103,G,1011A,1000A,NY,F,130,E 75th St,,01/05/0001 12:00:00 PM,408,h1,,Y,0900A,0700P,GREY,,0,119-3040,0,02 7,37-Expired Muni Meter,,,
7994270475,51903ME,NY,COM,10/09/2014,53,VAN,FORD,T,10010,18550,18570,,0019,19,19,346193,T103,B,0709A,,NY,O,1502,1st Ave,,01/05/0001 12:00:00 PM,408,f6,,,,,WH,,2013,,0,A 77,53-Safety Zone,,,
8027757400,T627275C,NY,OMT,06/06/2015,72,4DSD,LINCO,T,13810,0,0,,0007,7,7,344767,T101,F,0653P,,NY,I,N,Broome St,120ft E/of Essex St,01/05/0001 12:00:00 PM,408,j7,,,,,BK,,2007,,0,75 1,72A-Insp Stkr Counterfeit,,,
7839557028,89982MD,NY,COM,07/25/2014,35,VAN,CHEVR,T,34690,0,0,,0017,17,17,358204,T106,M,0104P,,NY,I,S,W 46th St,10ft E/of 6th Ave,01/05/0001 12:00:00 PM,408,h8,,YYYYY,0700A,0600P,GY,,1989,,0,99 6,35-Selling/Offer Merchandise,,,
7732347500,X74BVV,NJ,PAS,08/06/2014,21,SUBN,HONDA,T,20530,15180,24230,,0084,84,84,354019,T301,M,0950A,,K,O,217,Bond St,,01/05/0001 12:00:00 PM,408,d1,,Y,0930A,1100A,GREEN,,0,,0,A 31,21-No Parking (street clean),,,
7827965015,YARS971,OR,PAS,10/14/2014,69,DELV,INTER,T,34590,0,0,,0014,14,14,358877,T106,M,1237P,,NY,I,S,W 41st St,40ft E/of 7th Ave,01/05/0001 12:00:00 PM,408,h1,,Y,,,WHITE,,0,,0,75 6,69-Failure to Disp Muni Recpt,,,
7739123845,282YY0,CT,PAS,07/14/2014,21,SUBN,JEEP,T,0,0,0,,0094,94,94,358630,T301,C,1200P,,K,I,W,Newel St,130ft S/of Calyer St,01/05/0001 12:00:00 PM,408,d1,,Y  Y,1130A,0100P,BLUE,,0,,0,17 3,21-No Parking (street clean),,,
8011612839,M2248B,TN,PAS,11/04/2014,38,4DSD,ACURA,T,14390,0,0,,112,112,112,361287,T401,P,0908A,,Q,I,N,68th Rd,20ft E/of Queens Blv,01/05/0001 12:00:00 PM,408,h1,,Y,0900A,0700P,BLACK,,0,,0,53-A,38-Failure to Display Muni Rec,,,
7345949588,FYX3648,NY,PAS,04/24/2015,38,SUBN,HONDA,T,40890,23690,23750,,106,106,106,358604,T402,D,0422P,,Q,F,156-08,Cross Bay Blvd,,01/05/0001 12:00:00 PM,408,h1,,Y,0900A,0700P,WHITE,,2005,,0,27 4,38-Failure to Display Muni Rec,,,
7082184992,2MXA70,MA,PAS,04/18/2015,21,SUBN,TOYOT,T,0,0,0,,0070,70,70,330760,T802,A,0207A,,K,I,S,Parkside Ave,180ft W/of Parade Pl,01/05/0001 12:00:00 PM,408,d1,,Y Y Y,1200A,0300A,GREY,,0,,0,F 31,21-No Parking (street clean),,,
1371355230,35173ME,NY,COM,09/25/2014,45,VAN,KENWO,P,10210,17550,17570,,0013,13,13,952942,0013,0000,0155P,,NY,F,397,3 AVENUE,,01/05/0001 12:00:00 PM,408,F1,,BBBBBBB,ALL,ALL,WHITE,0,2014,-,0,,,,,
7081396860,XAKP77,NJ,PAS,07/18/2014,14,VAN,FORD,T,13610,24490,32595,,0026,26,26,350425,T103,M,0519P,,NY,F,3147,Broadway,,01/05/0001 12:00:00 PM,408,c,,YYYYYYY,,,WHITE,,0,,0,CC4,14-No Standing,,,
1375104378,GPL5218,NY,PAS,01/15/2015,21,SDN,FORD,S,74570,8820,47020,,0046,46,0,582848,BX05,0000,1155A,,BX,F,137,W 179TH ST,,01/05/0001 12:00:00 PM,408,D1,,YBBYBBB,1130A,0100P,RED,0,2002,-,0,,,,,
1375104378,GPL5218,NY,PAS,01/15/2015,21,SDN,FORD,S,74570,8820,47020,,0046,46,0,582848,BX05,0000,1155A,,BX,F,137,W 179TH ST,,01/05/0001 12:00:00 PM,408,D1,,YBBYBBB,1130A,0100P,RED,0,2002,-,0,,,,,
8033161127,WYD30B,NJ,PAS,04/18/2015,40,4DSD,NISSA,T,21730,30790,29290,,0001,1,1,357086,T105,C,0346P,,NY,O,116,Greene St,,01/05/0001 12:00:00 PM,408,e2,,YYYYYYY,,,BLACK,,0,,5,036,40-Fire Hydrant,,,
7701967916,GVT4113,NY,PAS,03/03/2015,38,SUBN,CHRYS,T,9230,64730,6380,,0066,66,66,361277,T302,C,1125A,,K,F,1269,53rd St,,01/05/0001 12:00:00 PM,408,h1,,YYYYY,0900A,0700P,BLACK,,2015,,0,01 3,38-Failure to Display Muni Rec,,,
7776342816,AVH3962,NY,PAS,08/18/2014,21,4DSD,TOYOT,T,8780,5580,5680,,0072,72,72,331245,T302,L,0953A,,K,O,566,44th St,,01/05/0001 12:00:00 PM,408,d1,,Y,0930A,1100A,GY,,2010,,0,J 32,21-No Parking (street clean),,,
8007741884,82806JZ,NY,COM,02/24/2015,37,VAN,CHEVR,T,50750,60570,46340,,0043,43,43,361099,T202,G,1249P,1204P,BX,F,1665,Metropolitan Ave,,01/05/0001 12:00:00 PM,408,h1,,Y,0900A,0700P,RED,,1995,217-3028,0,04A,37-Expired Muni Meter,,,
8009204651,GJZ1902,NY,PAS,06/10/2015,71,SUBN,HONDA,T,5680,81430,80330,,0078,78,78,358616,T302,B,1143A,,K,F,140,6th Ave,,01/05/0001 12:00:00 PM,408,j6,,YYYYYYY,,,GREEN,,2006,,0,56 3,71A-Insp Sticker Expired (NYS),,,
7208239034,52644JA,NY,COM,03/18/2015,40,VAN,FORD,T,21690,0,0,,0001,1,1,361041,T105,J,0829A,,NY,I,N,Grand St,15ft W/of 6th Ave,01/05/0001 12:00:00 PM,408,e2,,YYYYYYY,,,GY,,2010,,5,130,40-Fire Hydrant,,,
8001021683,67764JR,NY,COM,09/30/2014,69,DELV,INTER,T,34430,10410,13610,,0014,14,14,359619,T102,J,0812A,,NY,O,49,W 33rd St,,01/05/0001 12:00:00 PM,408,h1,,YYYYY,0700A,0700P,WH,,2004,,0,29 6,69-Failure to Disp Muni Recpt,,,
7741187946,GHF5995,NY,PAS,08/14/2014,21,SUBN,DODGE,T,33390,24400,32710,,0001,1,1,356518,T105,H,1207P,,NY,F,416,Washington St,,01/05/0001 12:00:00 PM,408,d1,,Y  Y,1100A,1230A,WH,,2010,,0,067,21-No Parking (street clean),,,
8012107170,6AEEP0,CT,PAS,09/28/2014,20,4DSD,HYUND,T,17210,10010,12110,,0009,9,9,358617,T101,N,1111A,,NY,F,418,E 11th St,,01/05/0001 12:00:00 PM,408,d,,YYYYYYY,,,BROWN,,0,,0,E 10,20A-No Parking (Non-COM),,,
8016077808,FDG1128,NY,PAS,03/14/2015,38,SUBN,HONDA,T,59990,9890,10090,,108,108,108,361026,T401,E,0936A,,Q,F,43-22,Queens Blvd,,01/05/0001 12:00:00 PM,408,h1,,Y,0800A,1000P,GREEN,,2002,,0,36-A,38-Failure to Display Muni Rec,,,
7188989400,HASAN1,NJ,PAS,07/07/2014,21,SUBN,TOYOT,T,0,0,0,,0048,48,48,359291,T201,C,0912A,,BX,I,E,3rd Ave,70ft S/of E Tremont,01/05/0001 12:00:00 PM,408,d1,,Y  Y,0830A,1000A,OTHER,,0,,0,07 2,21-No Parking (street clean),,,
1382120515,GAH7407,NY,PAS,06/20/2015,19,SUBN,JEEP,P,13610,36670,36690,,0030,30,30,941323,0030,0000,1211A,,NY,O,3546,BROADWAY,,01/05/0001 12:00:00 PM,408,C3,,BBBBBBB,ALL,ALL,SILVR,0,2011,-,0,,,,,
7942337509,1T88H,NY,OMT,01/23/2015,13,TAXI,FORD,T,33490,24050,21230,,0007,7,7,355562,T101,D,0348P,,NY,F,199,Water St,,01/05/0001 12:00:00 PM,408,c2,,YYYYYYY,,,YELLO,,2011,,0,76 1,13-No Stand (taxi stand),,,
7942337509,1T88H,NY,OMT,01/23/2015,13,TAXI,FORD,T,33490,24050,21230,,0007,7,7,355562,T101,D,0348P,,NY,F,199,Water St,,01/05/0001 12:00:00 PM,408,c2,,YYYYYYY,,,YELLO,,2011,,0,76 1,13-No Stand (taxi stand),,,
1381960753,GTJ4590,NY,PAS,06/07/2015,46,SDN,HONDA,P,41730,35230,28830,,0070,70,70,954351,0070,0000,1128P,,K,F,1017,FOSTER,,01/05/0001 12:00:00 PM,408,F1,,BBBBBBB,ALL,ALL,GY,0,2004,-,0,,,,,
7731384652,73869MD,NY,COM,12/10/2014,78,VAN,FORD,T,9130,5980,6080,,0072,72,72,345428,T802,B,0120A,,K,F,924,51st St,,01/05/0001 12:00:00 PM,408,k6,,YYYYYYY,0900P,0500A,WH,,2014,,0,G 31,78-Nighttime PKG on Res Street,,,
7096499842,GHT3170,NY,PAS,06/10/2015,37,SUBN,ACURA,T,44790,8590,57790,,109,109,109,353444,T401,Q,0242P,0235P,Q,F,35-29,Farrington St,,01/05/0001 12:00:00 PM,408,h1,,Y,0830A,0700P,GY,,2005,406-3017,0,04-A,37-Expired Muni Meter,,,
7655194749,ACW8206,NY,PAS,11/17/2014,14,SUBN,MERCU,T,18890,18040,18140,,102,102,102,345435,T402,P,0306P,,Q,O,8901,96th St,,01/05/0001 12:00:00 PM,408,c,,YYYYY,0700A,0400P,GY,,1995,,0,G 42,14-No Standing,,,
7977472960,AULG71,FL,PAS,02/10/2015,21,2DSD,HONDA,T,10240,10440,10590,,108,108,108,361093,T401,E,0906A,,Q,F,47-05,45th St,,01/05/0001 12:00:00 PM,408,d1,,Y,0900A,1030A,BLACK,,0,,0,37 4,21-No Parking (street clean),,,
7062960342,60468JU,NY,COM,10/03/2014,38,VAN,CHEVR,T,10010,17590,17650,,0014,14,14,361030,T102,E,0930A,,NY,O,530,1st Ave,,01/05/0001 12:00:00 PM,408,h1,,Y,0900A,0700P,WHITE,,2005,,0,21 6,38-Failure to Display Muni Rec,,,
7029871352,DPD7215,NY,PAS,06/09/2015,38,SUBN,TOYOT,T,36830,0,0,,0063,63,63,361834,T302,R,0137P,,K,I,N,E 45th St,15ft E/of Avenue N,01/05/0001 12:00:00 PM,408,h1,,Y,0900A,0700P,TN,,2002,,0,20 3,38-Failure to Display Muni Rec,,,
7076727493,FTX7416,NY,PAS,05/07/2015,38,VAN,FORD,T,5580,7180,7330,,0078,78,78,357764,T302,E,0153P,,K,F,688,5th Ave,,01/05/0001 12:00:00 PM,408,h1,,Y,0800A,0700P,WHITE,,2010,,0,60 3,38-Failure to Display Muni Rec,,,
7713938394,FWP2443,NY,PAS,09/11/2014,71,4DSD,LEXUS,T,35180,14030,14080,,0070,70,70,358611,T302,C,1139A,,K,F,914,E 9th St,,01/05/0001 12:00:00 PM,408,j6,,YYYYYYY,,,WH,,2013,,0,14 3,71A-Insp Sticker Expired (NYS),,,
7015556558,GRZ7574,NY,PAS,11/18/2014,14,SUBN,HONDA,T,37250,12010,31190,,0033,33,33,345331,T103,A,0646A,,NY,F,575,W 175th St,,01/05/0001 12:00:00 PM,408,c,,YYYYYYY,,,RD,,2002,,0,N 77,14-No Standing,,,
8008185260,IAV892,PR,PAS,12/21/2014,40,SUBN,JEEP,T,25390,17810,17830,,0017,17,17,330001,T503,B1,0121P,,NY,O,301,Madison Ave,,01/05/0001 12:00:00 PM,408,e2,,YYYYYYY,,,WHITE,,0,,5,17 7,40-Fire Hydrant,,,
7210731532,42252JZ,NY,COM,10/20/2014,38,VAN,CHEVR,T,51090,26590,26690,,105,105,105,346343,T402,D,0216P,,Q,F,215-50,Jamaica Ave,,01/05/0001 12:00:00 PM,408,h1,,Y,0830A,0700P,WHITE,,2009,,0,15 4,38-Failure to Display Muni Rec,,,
7045091497,46521MC,NY,COM,06/05/2015,24,VAN,DODGE,T,22890,15310,13460,,0005,5,5,362189,T101,D,0345P,,NY,F,130,Hester St,,01/05/0001 12:00:00 PM,408,d5,,YYYYYYY,0700A,0400P,WHITE,,2005,,0,74 1,24-No Parking (exc auth veh),,,
7777819082,CPE5389,NY,PAS,04/29/2015,38,4DSD,ACURA,T,31190,36270,36290,,0028,28,28,354188,T103,J,1200P,,NY,F,310,St Nicholas Ave,,01/05/0001 12:00:00 PM,408,h1,,Y,0900A,0700P,BL,,1997,,0,33 7,38-Failure to Display Muni Rec,,,
8004419161,XAGM21,NJ,PAS,10/07/2014,14,DELV,NS/OT,T,10010,18250,18270,,0019,19,19,358615,T103,R,0211P,,NY,F,1164,1st Ave,,01/05/0001 12:00:00 PM,408,c,,YYYYY,0200P,0700P,WHITE,,0,,0,51 7,14-No Standing,,,
7115957060,FSD1209,NY,PAS,11/09/2014,71,SUBN,NISSA,T,18850,10110,10010,,0019,19,19,357094,T103,H,0149P,,NY,F,307,E 94th St,,01/05/0001 12:00:00 PM,408,j6,,YYYYYYY,,,BK,,2012,,0,27 7,71A-Insp Sticker Expired (NYS),,,
7792393100,42274JZ,NY,COM,12/16/2014,46,VAN,CHEVR,T,8190,16890,16990,,115,115,115,355532,T401,M,0956A,0952A,Q,F,8211,32nd Ave,,,408,F1,,,,,WHITE,,2009,,0,M 41,46B-Double Parking (Com-100Ft),,,
8016409180,GTY5799,NY,PAS,01/09/2015,46,SUBN,DODGE,T,77150,47520,57720,,0049,49,49,358605,T202,F,0249P,,BX,F,2177,White Plains Rd,,01/05/0001 12:00:00 PM,408,f1,,,,,RD,,2007,,0,01A,46A-Double Parking (Non-COM),,,
8016409180,GTY5799,NY,PAS,01/09/2015,46,SUBN,DODGE,T,77150,47520,57720,,0049,49,49,358605,T202,F,0249P,,BX,F,2177,White Plains Rd,,01/05/0001 12:00:00 PM,408,f1,,,,,RD,,2007,,0,01A,46A-Double Parking (Non-COM),,,
7989456904,59206JN,NY,COM,05/20/2015,37,VAN,FORD,T,10010,18490,18510,,0019,19,19,361144,T103,K,0335P,0203P,NY,F,1449,1st Ave,,01/05/0001 12:00:00 PM,408,h1,,YYYYY,0100P,0700P,WHITE,,2003,126-3049,0,57 7,37-Expired Muni Meter,,,
7097982974,GEX1613,NY,PAS,07/12/2014,31,4DSD,VOLKS,T,17730,10410,25390,,0014,14,14,355425,T106,B,0711A,,NY,F,12,E 37th St,,01/05/0001 12:00:00 PM,408,l3,,Y,0700A,1000A,BL,,2005,,0,07 6,31-No Stand (Com. Mtr. Zone),,,
7692739602,AEP2875,VA,PAS,11/10/2014,21,4DSD,BMW,T,36080,26430,13880,,0067,67,67,355141,T302,J,0814A,,K,F,350,E 28th St,,01/05/0001 12:00:00 PM,408,d1,,Y  Y,0800A,0930A,BLACK,,0,,0,L 32,21-No Parking (street clean),,,
1370066119,GJZ1851,NY,PAS,07/18/2014,21,SUBN,ROVER,S,31530,83330,55530,,0079,79,0,598529,KN03,0000,1215P,,K,F,928,DEKALB AVE,,01/05/0001 12:00:00 PM,408,D1,,BYBBYBB,1200P,0130P,BIEGE,0,0,-,0,,,,,
7081407304,TLF83Y,NJ,PAS,10/01/2014,66,TRLR,GREAT,T,11112,36430,36450,,0030,30,30,350425,T103,M,0544P,,NY,F,2368,12th Ave,,01/05/0001 12:00:00 PM,408,k4,,,,,WHITE,,0,,0,CC5,66-Detached Trailer,,,
8002282206,7DSS97,MD,PAS,11/19/2014,21,4DSD,TOYOT,T,31390,35290,27820,,100,100,100,345475,T402,M,0950A,,Q,O,444,Beach 54th St,,01/05/0001 12:00:00 PM,408,d1,,Y,0930A,1100A,BLUE,,0,,0,Q 42,21-No Parking (street clean),,,
7805090749,CEZ4834,NY,PAS,04/07/2015,70,SUBN,HONDA,T,10210,18590,18610,,0019,19,19,352070,T103,Q,0342P,,NY,F,1424,3rd Ave,,01/05/0001 12:00:00 PM,408,j3,,YYYYYYY,,,GY,,1998,,0,58 7,70A-Reg. Sticker Expired (NYS),,,
7007396896,79951MD,NY,COM,05/28/2015,38,UTIL,FORD,T,57790,0,0,,109,109,109,358919,T401,J,1202P,,Q,I,N,Northern Blvd,225ft E/of 147th St,01/05/0001 12:00:00 PM,408,h1,,Y,0900A,0700P,WH,,2013,,0,07-P,38-Failure to Display Muni Rec,,,
7625172594,2LU676,OK,PAS,03/07/2015,85,VAN,GMC,T,28890,18390,18490,,102,102,102,354064,T803,A,0035A,0859P,Q,F,9120,Atlantic Ave,,01/05/0001 12:00:00 PM,408,k5,,,,,WHITE,,0,,0,D 42,85-Storage-3 hour Commercial,,,
7189976012,9673RS,MA,PAS,02/03/2015,38,SUBN,JEEP,T,56520,75050,75080,,0050,50,50,361850,T201,E,0148P,,BX,O,3512,Oxford Ave,,01/05/0001 12:00:00 PM,408,h1,,Y,0830A,0700P,OTHER,,0,,0,54 2,38-Failure to Display Muni Rec,,,
8045892894,CKJ6833,NY,PAS,06/16/2015,74,SUBN,CHEVR,T,72430,24260,52430,,0072,72,72,355542,T302,Q,1236P,,K,F,342,Prospect Ave,,01/05/0001 12:00:00 PM,408,j2,,,,,BL,,2005,,0,J 32,74-Missing Display Plate,,,
7703185152,GKM9250,NY,PAS,07/25/2014,21,SUBN,FORD,T,35480,25130,26230,,0070,70,70,361064,T302,R,1021A,,K,F,17,Marlborough Rd,,01/05/0001 12:00:00 PM,408,d1,,Y  Y,0930A,1100A,WH,,2009,,0,09 3,21-No Parking (street clean),,,
1382207530,65030JV,NY,COM,04/24/2015,46,P-U,FORD,P,61090,0,59590,,109,109,109,932677,0109,0000,0319P,,Q,F,133-55,ROOSEVELT AVE,,01/05/0001 12:00:00 PM,408,F1,,BBBBBBB,ALL,ALL,WHITE,0,2007,-,0,,,,,
7161468814,GDR8351,NY,PAS,04/30/2015,71,SUBN,FORD,T,43750,28090,48325,,121,121,121,354173,T303,M,0952A,,R,F,186,Potter Ave,,01/05/0001 12:00:00 PM,408,j6,,YYYYYYY,,,RD,,2004,,0,A-AM,71A-Insp Sticker Expired (NYS),,,
8032600334,34145MD,NY,COM,01/29/2015,38,VAN,FORD,T,11710,0,0,,0026,26,26,361022,T103,H,1116A,,NY,I,W,Amsterdam Ave,60ft N/of W 115th St,01/05/0001 12:00:00 PM,408,h1,,Y,0830A,0700P,RD,,2013,,0,39 7,38-Failure to Display Muni Rec,,,
8005830774,EFK7895,NY,PAS,01/31/2015,38,SUBN,NS/OT,T,19540,28253,23890,,106,106,106,358619,T402,P,0540P,,Q,O,159-22,102nd St,,01/05/0001 12:00:00 PM,408,h1,,Y,0900A,0700P,BLACK,,2008,,0,P 42,38-Failure to Display Muni Rec,,,
7887927997,90392MC,NY,COM,11/07/2014,42,VAN,CHEVR,T,17650,10410,25390,,0017,17,17,353435,T102,E,1051A,,NY,F,5,E 33rd St,,01/05/0001 12:00:00 PM,408,h1,,YYYYY,0700A,0700P,WH,,2013,144-3216,0,29 6,42-Exp. Muni-Mtr (Com. Mtr. Z),,,
7039046982,JAZ294,SC,PAS,08/26/2014,46,PICK,DODGE,T,24690,36330,36350,,0028,28,28,356335,T103,M,0210P,,NY,F,363,Lenox Ave,,01/05/0001 12:00:00 PM,408,f1,,,,,WHITE,,0,,0,C 77,46A-Double Parking (Non-COM),,,
7968252726,J65CRY,NJ,PAS,11/06/2014,21,4DSD,ME/BE,T,29690,35390,35410,,0025,25,25,330076,T103,AA,1137A,,NY,O,91,Riverside Dr,,01/05/0001 12:00:00 PM,408,d1,,Y  Y,1130A,0100P,TAN,,0,,0,CC1,21-No Parking (street clean),,,
7744245015,FDT8232,NY,PAS,09/06/2014,70,4DSD,ACURA,T,22425,22620,26790,,0042,42,42,355289,T201,N,0707A,,BX,F,1660,Crotona Park,,01/05/0001 12:00:00 PM,408,j3,,YYYYYYY,,,GR,,2003,,0,D 21,70A-Reg. Sticker Expired (NYS),,,
8002973320,T51DUW,NJ,PAS,07/27/2014,14,SUBN,AUDI,T,21230,45440,16880,,0001,1,1,351929,T105,C,1041A,,NY,F,102,Fulton St,,01/05/0001 12:00:00 PM,408,c,,YYYYYYY,,,GREY,,0,,0,011,14-No Standing,,,
7693449486,XACY10,NJ,PAS,10/09/2014,38,DELV,ISUZU,T,10880,42630,10655,,0068,68,68,359624,T302,K,1143A,,K,F,611,86th St,,01/05/0001 12:00:00 PM,408,h1,,Y,0900A,0700P,WHITE,,0,,0,21 3,38-Failure to Display Muni Rec,,,
1362481737,FFL8374,NY,PAS,10/11/2014,98,SUBN,,P,0,40404,40404,,104,104,104,952325,0104,0000,1006A,,BX,F,1822,STON HOOPE,,01/05/0001 12:00:00 PM,408,F7,,BBBBBBB,0  :,0  :,WH,0,2010,-,0,,,,,
7550212478,1LW126,MA,PAS,08/25/2014,21,4DSD,HONDA,T,60130,23230,23930,,0081,81,81,356185,T301,A,0824A,,K,F,39,Melrose St,,01/05/0001 12:00:00 PM,408,d1,,Y  Y,0800A,0930A,RED,,0,,0,15 3,21-No Parking (street clean),,,
7528792007,CDS9648,NC,PAS,07/24/2014,13,4DSD,ACURA,T,29830,42730,73220,,0084,84,84,357044,T301,S,0336P,,K,F,16,Court St,,01/05/0001 12:00:00 PM,408,c2,,YYYYYYY,,,GREEN,,0,,0,210J,13-No Stand (taxi stand),,,
7693865214,FDE4133,NY,PAS,09/11/2014,21,4DSD,TOYOT,T,36380,14180,54050,,0070,70,70,347615,T302,Q,1125A,,K,F,1316,E 35th St,,01/05/0001 12:00:00 PM,408,d1,,Y,1100A,1230A,MR,,1999,,0,R 32,21-No Parking (street clean),,,
8026851432,JBD4U94,PA,PAS,05/15/2015,37,4DSD,ME/BE,T,30240,39790,38690,,101,101,101,355611,T402,P,0353P,0255P,Q,F,1041,Beach 20th St,,,408,h1,,Y,0900A,0700P,WHITE,,0,411-3015,0,R 42,37-Expired Muni Meter,,,
7005347985,FFZ6356,NY,PAS,05/13/2015,37,4DSD,NISSA,T,0,40404,40404,,114,114,114,362244,T401,N,0259P,1200P,Q,I,,Ditmars Lot #1,,01/05/0001 12:00:00 PM,408,h1,,Y,0800A,1000P,WH,,2009,480-0006,0,G 41,37-Expired Muni Meter,,,
7997081859,30365PC,NY,IRP,06/01/2015,69,TK,FRUEH,T,18110,25390,27790,,0018,18,18,355446,T106,E,0724A,,NY,O,58,E 56th St,,01/05/0001 12:00:00 PM,408,h1,,YYYYY,0700A,0600P,WH,,2014,,0,S6 9,69-Failure to Disp Muni Recpt,,,
8000969518,63470JM,NY,COM,11/19/2014,14,VAN,INTER,T,18890,10210,10110,,0019,19,19,361352,T103,R,0101P,,NY,O,231,E 96th St,,01/05/0001 12:00:00 PM,408,c,,YYYYYYY,,,BROWN,,1995,,0,58 7,14-No Standing,,,
7028230650,DMW2453,NY,PAS,04/18/2015,37,SUBN,TOYOT,T,59990,15490,15690,,112,112,112,361125,T402,D,0422P,0413P,Q,O,111-17,Queens Blvd,,01/05/0001 12:00:00 PM,408,h1,,Y,0800A,0700P,BR,,2005,404-3044,0,01 4,37-Expired Muni Meter,,,
7912137105,XAZE43,NJ,PAS,01/22/2015,14,DELV,HINO,T,34630,10610,10810,,0014,14,14,351268,T502,J,0738A,,NY,F,215,W 43rd St,,01/05/0001 12:00:00 PM,408,c,,YYYYYYY,,,WHITE,,0,,0,03 6,14-No Standing,,,
7912137105,XAZE43,NJ,PAS,01/22/2015,14,DELV,HINO,T,34630,10610,10810,,0014,14,14,351268,T502,J,0738A,,NY,F,215,W 43rd St,,01/05/0001 12:00:00 PM,408,c,,YYYYYYY,,,WHITE,,0,,0,03 6,14-No Standing,,,
7888473544,1225083,IN,PAS,09/29/2014,14,WSR,INTER,T,27790,18090,18110,,0017,17,17,330344,T501,C,0946A,,NY,F,425,Park Ave,,01/05/0001 12:00:00 PM,408,c,,YYYYY,0700A,1000A,WHITE,,0,,0,10 6,14-No Standing,,,
1379136076,CFW5164,NY,PAS,12/17/2014,46,SDN,HYUND,P,42900,42730,56530,,0084,84,84,942509,0084,0000,0905A,,K,O,29,GALLATIN PLACE,,01/05/0001 12:00:00 PM,408,F1,,BBBBBBB,ALL,ALL,TAN,0,2004,-,0,,,,,
7446315090,GME3435,NY,PAS,01/07/2015,19,SUBN,NISSA,T,64290,8590,8690,,114,114,114,341263,T803,A,0214A,,Q,O,3513,Steinway St,,01/05/0001 12:00:00 PM,408,c3,,YYYYYYY,,,GY,,2010,,0,C 42,19-No Stand (bus stop),,,
7446315090,GME3435,NY,PAS,01/07/2015,19,SUBN,NISSA,T,64290,8590,8690,,114,114,114,341263,T803,A,0214A,,Q,O,3513,Steinway St,,01/05/0001 12:00:00 PM,408,c3,,YYYYYYY,,,GY,,2010,,0,C 42,19-No Stand (bus stop),,,
7150787836,EJA6089,NY,PAS,04/23/2015,40,CONV,VOLVO,T,12110,17210,17230,,0009,9,9,356550,T800,B2,1044P,,NY,F,191,Avenue A,,01/05/0001 12:00:00 PM,408,e2,,YYYYYYY,,,GY,,2011,,2,C 77,40-Fire Hydrant,,,
7014598004,GMU6428,NY,PAS,03/04/2015,38,4DSD,VOLKS,T,10010,18570,18590,,0019,19,19,355229,T103,G,0946A,,NY,O,1518,1st Ave,,01/05/0001 12:00:00 PM,408,h1,,Y,0830A,0700P,BK,,2014,,0,01 7,38-Failure to Display Muni Rec,,,
8013350307,GFV8311,NY,PAS,09/23/2014,21,4DSD,HYUND,T,57320,28050,28080,,0047,47,47,355598,T202,O,0940A,,BX,F,3632,Paulding Ave,,01/05/0001 12:00:00 PM,408,d1,,Y,0930A,1100A,BK,,2011,,0,D 22,21-No Parking (street clean),,,
7386650152,GMS2807,NY,PAS,09/23/2014,38,4DSD,HONDA,T,70720,27300,29220,,0046,46,46,353015,T201,E,0845A,,BX,O,2462-1,Valentine Ave,,01/05/0001 12:00:00 PM,408,h1,,Y,0830A,0700P,BL,,1994,,0,03 2,38-Failure to Display Muni Rec,,,
7069180421,EGZ1711,NY,PAS,05/06/2015,37,4DSD,MAZDA,T,10410,18930,22000,,0023,23,23,354084,T103,L,0856P,0826P,NY,F,1176,5th Ave,,01/05/0001 12:00:00 PM,408,h1,,Y,0800A,1000P,BK,,2008,134-8098,0,CC1,37-Expired Muni Meter,,,
8013747750,EEB2046,NY,PAS,04/17/2015,38,SUBN,ROVER,T,11710,35610,35630,,0024,24,24,361065,T103,CC,0914A,,NY,F,676,Amsterdam Ave,,01/05/0001 12:00:00 PM,408,h1,,Y,0900A,0700P,GY,,2005,,0,37 7,38-Failure to Display Muni Rec,,,
7805068501,GFL8757,NY,PAS,01/15/2015,38,SUBN,TOYOT,T,13610,0,0,,0020,20,20,352070,T103,Q,0842P,,NY,I,E,Broadway,30ft N/of W 76th St,01/05/0001 12:00:00 PM,408,h1,,Y,0800A,1000P,GY,,2013,,0,C 77,38-Failure to Display Muni Rec,,,
7805068501,GFL8757,NY,PAS,01/15/2015,38,SUBN,TOYOT,T,13610,0,0,,0020,20,20,352070,T103,Q,0842P,,NY,I,E,Broadway,30ft N/of W 76th St,01/05/0001 12:00:00 PM,408,h1,,Y,0800A,1000P,GY,,2013,,0,C 77,38-Failure to Display Muni Rec,,,
7795948390,FGW5911,NY,PAS,09/24/2014,31,SUBN,FORD,T,34470,10610,10810,,0014,14,14,355428,T106,I,0615P,,NY,F,204,W 35th St,,01/05/0001 12:00:00 PM,408,l3,,YYYYY,0600A,0700P,DK/,,2001,,0,99 6,31-No Stand (Com. Mtr. Zone),,,
7384240165,AP321N,NJ,PAS,11/26/2014,38,DELV,MACK,T,70620,75370,74570,,0046,46,46,358642,T201,D,1116A,,BX,F,1945,University Ave,,01/05/0001 12:00:00 PM,408,h1,,Y,0800A,0700P,WHITE,,0,,0,14 2,38-Failure to Display Muni Rec,,,
7165450063,GDE4890,NY,PAS,09/15/2014,14,4DSD,KIA,T,38470,12015,25250,,122,122,122,349531,T303,E,0309P,,R,F,256A,Mason Ave,,01/05/0001 12:00:00 PM,408,c,,YYYYYYY,,,WH,,2013,,0,06-P,14-No Standing,,,
7219355270,FSV3456,NY,PAS,02/06/2015,19,4DSD,TOYOT,T,6380,9030,9080,,0066,66,66,361031,T302,P,1108A,,K,F,4906,13th Ave,,01/05/0001 12:00:00 PM,408,c3,,YYYYYYY,,,GOLD,,1996,,0,24 3,19-No Stand (bus stop),,,
7018902691,XN540F,NJ,PAS,01/23/2015,16,VAN,CHEVR,T,13220,29820,59045,,0045,45,45,359304,T202,X,0129P,1200P,BX,O,1516,Blondell Ave,,01/05/0001 12:00:00 PM,408,k2,,Y,0800A,0600P,WHITE,,0,,0,09P,16-No Std (Com Veh) Com Plate,,,
7018902691,XN540F,NJ,PAS,01/23/2015,16,VAN,CHEVR,T,13220,29820,59045,,0045,45,45,359304,T202,X,0129P,1200P,BX,O,1516,Blondell Ave,,01/05/0001 12:00:00 PM,408,k2,,Y,0800A,0600P,WHITE,,0,,0,09P,16-No Std (Com Veh) Com Plate,,,
8019618612,51684MG,NY,COM,05/08/2015,21,VAN,FORD,T,73720,27480,27510,,0052,52,52,358609,T201,C,0949A,,BX,O,2629,Webster Ave,,01/05/0001 12:00:00 PM,408,d1,,Y  Y,0930A,1100A,WH,,2012,,0,01 2,21-No Parking (street clean),,,
8026502231,88468JU,NY,COM,05/05/2015,51,VAN,DODGE,T,11490,12190,12390,,104,104,104,333008,T401,O,0833P,,Q,F,58-60,55th Dr,,01/05/0001 12:00:00 PM,408,e3,,,,,WHITE,,2005,,0,K 41,51-Sidewalk,,,
7030599895,88633MD,NY,COM,11/06/2014,14,DELV,FERRA,T,60535,0,93250,,0084,84,84,359609,T301,S,0130P,,K,O,8,Metrotech Ctr,,01/05/0001 12:00:00 PM,408,c,,YYYYYYY,,,BROWN,,2014,,0,03 3,14-No Standing,,,
8014009137,87800JZ,NY,COM,11/14/2014,46,VAN,CHEVR,T,93250,0,0,,0084,84,84,355161,T301,S,1248P,1200P,K,I,S,Willoughby St,25ft W/of Jay St,,408,F1,,,,,TAN,,2006,,0,04 3,46B-Double Parking (Com-100Ft),,,
8017865612,GRV9558,NY,PAS,03/18/2015,67,4DSD,CHEVR,T,0,0,0,,106,106,106,356353,T402,H,0721A,,Q,I,E,111st St,0ft S/of 101st Ave,01/05/0001 12:00:00 PM,408,f7,,,,,WH,,2014,,0,25 4,67-Blocking Ped. Ramp,,,
8021418126,EXV5807,NY,PAS,04/08/2015,20,4DSD,ME/BE,T,34130,66730,66630,,0094,94,94,357064,T301,S,0958A,,K,O,475,Driggs Ave,,01/05/0001 12:00:00 PM,408,d,,YYYYY,0800A,0600P,BK,,1985,,0,17 3,20A-No Parking (Non-COM),,,
8047150662,DLM7315,NY,PAS,06/26/2015,21,4DSD,HONDA,T,10230,6480,6580,,0062,62,62,355542,T302,Q,1231P,,K,F,1452,73rd St,,01/05/0001 12:00:00 PM,408,d1,,Y,1130A,0100P,GY,,2009,,0,S 32,21-No Parking (street clean),,,
7966213924,EUZ6359,NY,PAS,02/17/2015,14,PICK,DODGE,T,29390,13610,15350,,0001,1,1,349538,T105,H,0105P,,NY,F,70,Reade St,,01/05/0001 12:00:00 PM,408,c,,YYYYYYY,,,RD,,2005,,0,078,14-No Standing,,,
7928388777,82933JZ,NY,COM,02/27/2015,38,VAN,CHEVR,T,17190,10350,10210,,0009,9,9,341171,T101,A,1152A,,NY,F,77,E 10th St,,01/05/0001 12:00:00 PM,408,h1,,Y,0900A,0700P,WH,,2007,,0,18 1,38-Failure to Display Muni Rec,,,
7506265072,GSR2110,NY,PAS,11/13/2014,21,4DSD,NISSA,T,68930,48830,27530,,0084,84,84,358147,T301,B,0910A,,K,F,131,Pacific St,,01/05/0001 12:00:00 PM,408,d1,,Y,0900A,1030A,TN,,2002,,0,01 3,21-No Parking (street clean),,,
7788307476,23037MG,NY,COM,12/15/2014,70,SUBN,CHEVR,T,16040,52050,59990,,112,112,112,358588,T401,Q,1105A,,Q,F,111-55,77th Ave,,01/05/0001 12:00:00 PM,408,j3,,YYYYYYY,,,WH,,2005,,0,57-A,70A-Reg. Sticker Expired (NYS),,,
7350380264,5AKMJ5,CT,PAS,04/15/2015,16,2DSD,TOYOT,T,37370,12010,31190,,0034,34,34,355162,T103,H,1155A,,NY,F,558,W 181st St,,01/05/0001 12:00:00 PM,408,k2,,YYYYY,0900A,1200A,GREY,,0,,0,11 7,16A-No Std (Com Veh) Non-COM,,,
7516329230,GWF1330,NY,PAS,04/15/2015,21,SUBN,NISSA,T,38430,12130,86030,,0077,77,77,332408,T301,L,0810A,,K,F,951,Eastern Pky,,01/05/0001 12:00:00 PM,408,d1,,Y YY,0800A,0930A,GR,,2015,,0,H 31,21-No Parking (street clean),,,
7941823895,97857MD,NY,COM,03/06/2015,38,VAN,CHEVR,T,17250,10210,10110,,0009,9,9,359622,T101,G,0322P,,NY,F,251,E 13th St,,01/05/0001 12:00:00 PM,408,h1,,Y,0900A,0700P,WHITE,,2008,,0,27 1,38-Failure to Display Muni Rec,,,
7664195627,87502JW,NY,COM,02/06/2015,38,VAN,DODGE,T,10210,18590,18610,,0019,19,19,356961,T103,S,0349P,,NY,F,1424,3rd Ave,,01/05/0001 12:00:00 PM,408,h1,,Y,0800A,0700P,WH,,2008,,0,20 7,38-Failure to Display Muni Rec,,,
7775096317,GRZ7871,NY,PAS,03/17/2015,40,4DSD,TOYOT,T,26670,40404,40404,,0044,44,44,361384,T201,X,0353P,,BX,F,1220,E 167th St,,01/05/0001 12:00:00 PM,408,e2,,YYYYYYY,,,GR,,2005,,1,Z 21,40-Fire Hydrant,,,
7624639970,HXM883,99,PAS,10/24/2014,21,4DSD,MITSU,T,42430,0,0,,0094,94,94,356519,T301,D,1226P,,K,I,N,Frost St,55ft E/of Woodpoint,01/05/0001 12:00:00 PM,408,d1,,Y  Y,1130A,0100P,BLUE,,0,,0,17 3,21-No Parking (street clean),,,
7014577979,70158MD,NY,COM,10/15/2014,14,FLAT,ISUZU,T,18230,25390,27790,,0019,19,19,355229,T103,G,0404P,,NY,F,54,E 62nd St,,01/05/0001 12:00:00 PM,408,c,,Y,0800A,0700P,WH,,2006,,0,01 7,14-No Standing,,,
7789984070,GEP2767,NY,PAS,03/01/2015,70,SUBN,NISSA,T,64290,7790,7990,,114,114,114,361783,T401,P,1006A,,Q,F,30-65,Steinway St,,01/05/0001 12:00:00 PM,408,j3,,,,,GY,,2014,,0,26 4,70B-Impropr Dsply of Reg (NYS),,,
7344595655,PIT6004,GA,PAS,06/28/2014,37,SUBN,HONDA,T,40930,31830,19230,,0078,78,78,359630,T302,I,0115P,0100P,K,F,196,Flatbush Ave,,,408,h1,,Y,0900A,0700P,BLACK,,0,324-9889,0,56 3,37-Expired Muni Meter,,,
7706951091,EKL5562,NY,OMS,09/05/2014,38,4DSD,HYUND,T,28830,54050,14480,,0070,70,70,361373,T302,Y,0234P,,K,F,2078,Coney Island Ave,,01/05/0001 12:00:00 PM,408,h1,,Y,0900A,0700P,GY,,2009,,0,02 3,38-Failure to Display Muni Rec,,,
7447876793,PKB9136,GA,PAS,06/30/2015,38,SUBN,FORD,T,51090,45890,26170,,105,105,105,362178,T402,G,1202P,,Q,F,206-07,Jamaica Ave,,01/05/0001 12:00:00 PM,408,h1,,Y,0800A,0700P,BLACK,,0,,0,15 4,38-Failure to Display Muni Rec,,,
7687078743,FET1917,NY,PAS,12/17/2014,70,SUBN,VOLVO,T,10290,0,0,,108,108,108,358891,T401,N,0315P,,Q,I,S,46th Ave,2ft E/of Vernon Blvd,01/05/0001 12:00:00 PM,408,j3,,,,,BK,,2007,,0,S 41,70B-Impropr Dsply of Reg (NYS),,,
8030900582,FPJ5145,NY,PAS,03/14/2015,40,4DSD,ACURA,T,35130,0,0,,0020,20,20,353192,T103,AA,0917A,,NY,I,N,W 68th St,15ft W/of Central Pa,01/05/0001 12:00:00 PM,408,e2,,YYYYYYY,,,GREEN,,1997,,4,CCA,40-Fire Hydrant,,,
7462792710,EJF6491,NY,PAS,03/25/2015,60,SUBN,BMW,T,13430,26730,67047,,0077,77,77,350415,T802,B,0953P,,K,F,1096,Atlantic Ave,,01/05/0001 12:00:00 PM,408,m2,,,,,GR,,2002,,0,O 31,60-Angle Parking,,,
8000433631,GKM3969,NY,PAS,09/10/2014,14,4DSD,TOYOT,T,40930,26230,77930,,0070,70,70,358849,T302,F,0945A,,K,F,937,Flatbush Ave,,01/05/0001 12:00:00 PM,408,c,,YYYYY,0700A,1000A,GY,,2014,,0,08 3,14-No Standing,,,
7931407430,91663MC,NY,COM,12/15/2014,48,VAN,FRUEH,T,12110,17190,17210,,0009,9,9,357068,T101,N,0431P,,NY,F,166,Avenue A,,01/05/0001 12:00:00 PM,408,e9,,,,,BROWN,,2013,,0,01 1,48-Bike Lane,,,
8026224991,82730JD,NY,COM,04/20/2015,19,UTIL,FRUEH,T,54580,9140,61090,,109,109,109,361310,T401,A,0134P,,Q,F,39-10,Main St,,01/05/0001 12:00:00 PM,408,c3,,YYYYYYY,,,GREEN,,0,,0,02 4,19-No Stand (bus stop),,,
7580723396,GJJ2406,NY,PAS,07/17/2014,21,2DSD,TOYOT,T,19340,68090,18840,,102,102,102,353398,T402,M,0838A,,Q,F,9509,101st Ave,,01/05/0001 12:00:00 PM,408,d1,,Y,0830A,0900A,GY,,1989,,0,G 42,21-No Parking (street clean),,,
7721442229,GKZ8872,NY,PAS,06/26/2014,72,SUBN,FORD,T,19450,10410,25390,,0025,25,25,353069,T103,P,1018A,,NY,F,14,E 125th St,,01/05/0001 12:00:00 PM,408,j7,,,,,GL,,0,,0,CC1,72A-Insp Stkr Counterfeit,,,
7326719342,GNW6292,NY,PAS,09/12/2014,21,SUBN,ROVER,T,18610,10410,25390,,0019,19,19,352009,T103,E,0910A,,NY,F,12,E 81st St,,01/05/0001 12:00:00 PM,408,d1,,Y  Y,0900A,1030A,BK,,2014,,0,56 7,21-No Parking (street clean),,,
7948702015,X67E6Z,NJ,PAS,01/15/2015,14,4DSD,HONDA,T,33910,0,0,,0006,6,6,358862,T101,H,0922A,,NY,I,W,W 4th St,4ft S/of Perry St,01/05/0001 12:00:00 PM,408,c,,YYYYYYY,,,OTHER,,0,,0,02 1,14-No Standing,,,
7948702015,X67E6Z,NJ,PAS,01/15/2015,14,4DSD,HONDA,T,33910,0,0,,0006,6,6,358862,T101,H,0922A,,NY,I,W,W 4th St,4ft S/of Perry St,01/05/0001 12:00:00 PM,408,c,,YYYYYYY,,,OTHER,,0,,0,02 1,14-No Standing,,,
8032076268,XBJL98,NJ,PAS,06/30/2015,14,VAN,FORD,T,34970,0,0,,0020,20,20,356259,T103,M,0354P,,NY,I,N,W 60th St,60ft W/of Broadway,01/05/0001 12:00:00 PM,408,c,,YYYYY,0700A,0700P,BLACK,,0,,0,C 77,14-No Standing,,,
7565530955,85987MD,NY,COM,07/29/2014,46,VAN,FRUEH,T,13610,36050,36070,,0026,26,26,355180,T103,J,1021A,1200P,NY,O,2933,Broadway,,,408,F1,,,,,BROWN,,2015,,0,42 7,46B-Double Parking (Com-100Ft),,,
7712755929,GUW4602,NY,PAS,04/22/2015,21,4DSD,ME/BE,T,30490,13610,30590,,0034,34,34,349570,T103,B,0941A,,NY,F,7,Sherman Ave,,01/05/0001 12:00:00 PM,408,d1,,Y,0930A,1100A,BK,,2003,,0,CC6,21-No Parking (street clean),,,
7587278813,JBB3329,PA,PAS,12/05/2014,20,SUBN,SUBAR,T,34130,10910,11010,,0010,10,10,341149,T108,H,0426P,,NY,F,438,W 18th St,,01/05/0001 12:00:00 PM,408,d,,YYYYY,0800A,0600P,GREY,,0,,0,01A,20A-No Parking (Non-COM),,,
7126356730,DEJ8786,NY,PAS,03/07/2015,38,SUBN,TOYOT,T,37290,0,0,,110,110,110,361793,T401,I,0119P,,Q,I,N,Broadway,30ft E/of Baxter Ave,01/05/0001 12:00:00 PM,408,h1,,Y,0830A,0700P,GR,,2005,,0,10-P,38-Failure to Display Muni Rec,,,
7662956398,60390JX,NY,COM,01/05/2015,40,VAN,FORD,T,35650,0,0,,0024,24,24,361305,T103,S,0412P,,NY,I,N,W 94th St,6ft W/of Amsterdam A,01/05/0001 12:00:00 PM,408,e2,,YYYYYYY,,,WH,,2007,,0,59 7,40-Fire Hydrant,,,
7662956398,60390JX,NY,COM,01/05/2015,40,VAN,FORD,T,35650,0,0,,0024,24,24,361305,T103,S,0412P,,NY,I,N,W 94th St,6ft W/of Amsterdam A,01/05/0001 12:00:00 PM,408,e2,,YYYYYYY,,,WH,,2007,,0,59 7,40-Fire Hydrant,,,
8038609876,36865MA,NY,COM,06/05/2015,20,VAN,GMC,T,20090,22890,21690,,0005,5,5,359567,T101,C,1215P,1145A,NY,F,85,Eldridge St,,,408,d,,YYYYY,0700A,0700P,GREY,,2012,,0,40 1,20-No Parking (Com Plate),,,
7988741810,GHE9503,NY,PAS,11/18/2014,71,4DSD,CHRYS,T,25390,19310,19330,,0025,25,25,358241,T103,D,0908A,,NY,F,1831,Madison Ave,,01/05/0001 12:00:00 PM,408,j6,,YYYYYYY,,,BL,,1999,,0,30 7,71A-Insp Sticker Expired (NYS),,,
7612953948,EHT6534,NY,PAS,05/20/2015,21,SUBN,HYUND,T,10740,9140,62590,,108,108,108,357772,T401,B,1109A,,Q,F,39-63,49th St,,01/05/0001 12:00:00 PM,408,d1,,Y,1100A,1230A,GREY,,2008,,0,36 4,21-No Parking (street clean),,,
7704784961,GBP3224,NY,PAS,09/09/2014,74,SUBN,LEXUS,T,64730,9180,9230,,0066,66,66,357104,T302,A,1039A,,K,F,5207,New Utrecht Ave,,01/05/0001 12:00:00 PM,408,j2,,,,,WHITE,,2013,,0,01 3,74-Missing Display Plate,,,
8006405979,T625028C,NY,OMT,07/25/2014,21,4DSD,CHRYS,T,13610,34570,34590,,0014,14,14,345131,T800,B2,0306A,,NY,O,1440,Broadway,,01/05/0001 12:00:00 PM,408,d1,,Y Y Y,0300A,0600A,BK,,2012,,0,D 77,21-No Parking (street clean),,,
7040604322,ELN2252,NY,PAS,07/10/2014,37,SUBN,DODGE,T,6380,64730,9330,,0066,66,66,357043,T302,D,0214P,0208P,K,F,5418,13th Ave,,01/05/0001 12:00:00 PM,408,h1,,YYYYY,0830A,0700P,SILVE,,2014,349-3073,0,24 3,37-Expired Muni Meter,,,
8005098042,FTX6494,NY,PAS,03/13/2015,21,4DSD,HONDA,T,9940,14690,15340,,108,108,108,349456,T401,A,1110A,,Q,F,69-73,44th Ave,,01/05/0001 12:00:00 PM,408,d1,,Y,1100A,1230A,WH,,2002,,0,52-A,21-No Parking (street clean),,,
7317549538,GSG2094,NY,PAS,12/05/2014,70,4DSD,HONDA,T,27750,23920,73720,,0052,52,52,341954,T201,F,1244P,,BX,F,365,E 204th St,,01/05/0001 12:00:00 PM,408,j3,,,,,BK,,2006,,0,31 2,70B-Impropr Dsply of Reg (NYS),,,
7933116929,55106MB,NY,COM,04/22/2015,14,VAN,WORKH,T,21690,19690,19690,,0007,7,7,359606,T101,N,0217P,,NY,O,500,Grand St,,01/05/0001 12:00:00 PM,408,c,,YYYYYYY,,,BROWN,,2011,,0,95 1,14-No Standing,,,
7326230699,GRU7687,NY,PAS,07/16/2014,21,4DSD,TOYOT,T,36820,12550,72420,,0050,50,50,330234,T201,N,0906A,,BX,O,3475,Greystone Ave,,01/05/0001 12:00:00 PM,408,d1,,Y,0900A,1030A,GR,,2014,,0,K 21,21-No Parking (street clean),,,
7659728090,475XJQ,QB,PAS,12/02/2014,38,SUBN,PONTI,T,15710,35650,35670,,0020,20,20,358650,T103,F,0817A,,NY,O,700,Columbus Ave,,01/05/0001 12:00:00 PM,408,h1,,Y,0700A,0700P,RED,,0,,0,33 7,38-Failure to Display Muni Rec,,,
8032500250,EAF1955,NY,PAS,12/28/2014,71,SUBN,CHRYS,T,35430,13610,44990,,0024,24,24,337778,T103,D,0319P,,NY,O,233,W 83rd St,,01/05/0001 12:00:00 PM,408,j6,,YYYYYYY,,,BLACK,,2013,,0,30 7,71A-Insp Sticker Expired (NYS),,,
7065482285,EFJ9273,NY,PAS,03/25/2015,37,SUBN,HONDA,T,5580,10380,10430,,0068,68,68,361346,T302,D,0455P,0348P,K,F,7612,5th Ave,,01/05/0001 12:00:00 PM,408,h1,,Y,0830A,0700P,BLACK,,2009,309-1449,0,21 3,37-Expired Muni Meter,,,
8013947889,2208643,IL,PAS,04/14/2015,47,TR/C,STERL,T,34410,10410,13610,,0014,14,14,356304,T102,I,0830A,,NY,F,10,W 32nd St,,01/05/0001 12:00:00 PM,408,l2,,Y,0700A,0700P,WHITE,,0,,0,99 6,47-Double PKG-Midtown,,,
8009985880,BGU3991,NY,PAS,06/20/2015,38,SUBN,DODGE,T,17550,10210,10110,,0013,13,13,358245,T102,C,1025A,,NY,O,240,E 28th St,,01/05/0001 12:00:00 PM,408,h1,,Y,0900A,0700P,GREEN,,2006,,0,99 6,38-Failure to Display Muni Rec,,,
7913308710,882RBH,FL,PAS,04/09/2015,20,4DSD,VOLVO,T,21790,32660,14910,,0006,6,6,330711,T501,J,0634P,,NY,F,545,Greenwich St,,01/05/0001 12:00:00 PM,408,d,,YYYYYYY,,,WHITE,,0,,0,40 6,20A-No Parking (Non-COM),,,
7556774636,T645679C,NY,OMT,09/03/2014,71,SUBN,CADIL,T,51930,58330,59640,,0094,94,94,355121,T301,B,0838A,,K,O,141,India St,,01/05/0001 12:00:00 PM,408,j6,,YYYYYYY,,,BK,,2009,,0,17 3,71A-Insp Sticker Expired (NYS),,,
7220742071,VBY1362,VA,PAS,10/11/2014,37,4DSD,CHEVR,T,10010,17170,17190,,0009,9,9,359605,T101,D,0609P,0555P,NY,F,159,1st Ave,,01/05/0001 12:00:00 PM,408,h1,,Y,0830A,0700P,BLACK,,0,113-3045,0,63 1,37-Expired Muni Meter,,,
7432732504,EJM2261,NY,PAS,01/23/2015,71,2DSD,TOYOT,T,11625,30120,40020,,0045,45,45,358910,T202,X,0301P,,BX,F,2900,St Theresa Ave,,01/05/0001 12:00:00 PM,408,j6,,YYYYYYY,,,GY,,2006,,0,O 23,71A-Insp Sticker Expired (NYS),,,
7432732504,EJM2261,NY,PAS,01/23/2015,71,2DSD,TOYOT,T,11625,30120,40020,,0045,45,45,358910,T202,X,0301P,,BX,F,2900,St Theresa Ave,,01/05/0001 12:00:00 PM,408,j6,,YYYYYYY,,,GY,,2006,,0,O 23,71A-Insp Sticker Expired (NYS),,,
7046231643,49977JG,NY,COM,05/13/2015,46,VAN,GMC,T,17250,10210,10110,,0009,9,9,356962,T101,D,0421P,1200P,NY,F,212,E 13th St,,,408,F1,,,,,BROWN,,1989,,0,70 1,46B-Double Parking (Com-100Ft),,,
7015532852,F84CRT,NJ,PAS,08/20/2014,50,4DSD,NISSA,T,0,0,0,,0030,30,30,345331,T103,A,0646A,,NY,I,S,W 153rd St,0ft E/of Amsterdam A,01/05/0001 12:00:00 PM,408,e5,,,,,WHITE,,0,,0,N 77,50-Crosswalk,,,
7117191806,GKC2679,NY,PAS,12/07/2014,20,SUBN,CHRYS,T,35380,0,0,,0061,61,61,330578,T302,U,1024A,,K,I,N,E 13th St,40ft E/of Kings Hwy,01/05/0001 12:00:00 PM,408,d,,YYYYYYY,0800A,0800P,GY,,2013,,0,R 32,20A-No Parking (Non-COM),,,
8004583532,10172MC,NY,COM,11/12/2014,40,VAN,FORD,T,49430,47430,23230,,0090,90,90,357064,T301,S,1035A,,K,F,329,Hewes St,,01/05/0001 12:00:00 PM,408,e2,,YYYYYYY,,,WH,,2012,,4,14 3,40-Fire Hydrant,,,
7985343234,19772JW,NY,COM,06/30/2014,14,VAN,FORD,T,34690,10410,10510,,0018,18,18,354205,T106,C,0915A,,NY,F,55,W 46th St,,01/05/0001 12:00:00 PM,408,c,,YYYYY,0700A,0600P,WHITE,,2007,,0,MC 9,14-No Standing,,,
7800777960,XFIR3,NY,SRF,06/11/2015,70,4DSD,NISSA,T,55120,70520,66520,,0045,45,45,361898,T202,A,0904A,,BX,F,1340,Odell St,,01/05/0001 12:00:00 PM,408,j3,,YYYYYYY,,,BK,,2010,,0,04A,70A-Reg. Sticker Expired (NYS),,,